-- phpMyAdmin SQL Dump
-- version 4.0.10.10
-- http://www.phpmyadmin.net
--
-- Client: 127.8.63.2:3306
-- Généré le: Sam 03 Octobre 2015 à 16:32
-- Version du serveur: 5.5.45
-- Version de PHP: 5.3.3

SET SQL_MODE = "NO_AUTO_VALUE_ON_ZERO";
SET time_zone = "+00:00";

--
-- Base de données: `APPDB`
--
CREATE DATABASE IF NOT EXISTS `APPDB` DEFAULT CHARACTER SET utf8 COLLATE utf8_unicode_ci;
USE `APPDB`;

DELIMITER $$
--
-- Procédures
--
DROP PROCEDURE IF EXISTS `DEADLINE_CLOSER`$$
CREATE DEFINER=`adminYmal6p6`@`%` PROCEDURE `DEADLINE_CLOSER`()
BEGIN
	DECLARE skip INT DEFAULT FALSE;
	DECLARE tmpId INT;
    DECLARE tmpStatus TINYINT(1);

    DECLARE C CURSOR FOR SELECT id, `Status` FROM APPDB.Deadlines WHERE date_limit < NOW();
    DECLARE CONTINUE HANDLER FOR NOT FOUND SET skip = TRUE;
    OPEN C;
    
    reader: LOOP
		FETCH C INTO tmpId, tmpStatus;
        IF skip THEN
			LEAVE reader;
		END IF;
        IF tmpStatus = 1 THEN
			UPDATE APPDB.Deadlines SET `Status` =  0 WHERE id = tmpId;
        END IF;
        
    END LOOP;
    
    CLOSE C;
END$$

DELIMITER ;

-- --------------------------------------------------------

--
-- Structure de la table `Calendars`
--

DROP TABLE IF EXISTS `Calendars`;
CREATE TABLE IF NOT EXISTS `Calendars` (
  `id` int(11) NOT NULL AUTO_INCREMENT,
  `id_group` int(11) NOT NULL,
  PRIMARY KEY (`id`),
  UNIQUE KEY `id_UNIQUE` (`id`),
  UNIQUE KEY `id_group_UNIQUE` (`id_group`)
) ENGINE=InnoDB  DEFAULT CHARSET=latin1 AUTO_INCREMENT=83 ;

--
-- Contenu de la table `Calendars`
--

INSERT INTO `Calendars` (`id`, `id_group`) VALUES
(67, 1453),
(68, 1454),
(69, 1455),
(70, 1456),
(71, 1457),
(72, 1458),
(73, 1459),
(74, 1460),
(75, 1461),
(76, 1462),
(77, 1463),
(78, 1464),
(79, 1465),
(80, 1466),
(81, 1467),
(82, 1468);

-- --------------------------------------------------------

--
-- Structure de la table `Dates`
--

DROP TABLE IF EXISTS `Dates`;
CREATE TABLE IF NOT EXISTS `Dates` (
  `id` int(11) NOT NULL AUTO_INCREMENT,
  `id_calendar` int(11) NOT NULL,
  `date` date DEFAULT NULL,
  PRIMARY KEY (`id`),
  UNIQUE KEY `id_UNIQUE` (`id`),
  KEY `key_date_calendar_idx` (`id_calendar`)
) ENGINE=InnoDB  DEFAULT CHARSET=latin1 AUTO_INCREMENT=1553 ;

--
-- Contenu de la table `Dates`
--

INSERT INTO `Dates` (`id`, `id_calendar`, `date`) VALUES
(1, 67, '2015-09-21'),
(2, 67, '2015-09-25'),
(3, 67, '2015-09-21'),
(4, 67, '2015-09-25'),
(5, 67, '2015-09-28'),
(6, 67, '2015-09-29'),
(7, 67, '2015-09-30'),
(8, 67, '2015-09-28'),
(9, 67, '2015-09-29'),
(10, 67, '2015-09-30'),
(11, 67, '2015-10-02'),
(12, 67, '2015-10-05'),
(13, 67, '2015-10-06'),
(14, 67, '2015-10-07'),
(15, 67, '2015-10-09'),
(16, 67, '2015-10-02'),
(17, 67, '2015-09-28'),
(18, 67, '2015-09-29'),
(19, 67, '2015-09-30'),
(20, 67, '2015-10-02'),
(21, 67, '2015-10-05'),
(22, 67, '2015-10-06'),
(23, 67, '2015-10-07'),
(24, 67, '2015-10-09'),
(25, 67, '2015-10-05'),
(26, 67, '2015-10-06'),
(27, 67, '2015-10-07'),
(28, 67, '2015-10-09'),
(29, 67, '2015-10-12'),
(30, 67, '2015-10-13'),
(31, 67, '2015-10-14'),
(32, 67, '2015-10-16'),
(33, 67, '2015-10-12'),
(34, 67, '2015-10-13'),
(35, 67, '2015-10-14'),
(36, 67, '2015-10-16'),
(37, 67, '2015-10-19'),
(38, 67, '2015-10-20'),
(39, 67, '2015-10-21'),
(40, 67, '2015-10-23'),
(41, 67, '2015-10-19'),
(42, 67, '2015-10-20'),
(43, 67, '2015-10-21'),
(44, 67, '2015-10-23'),
(45, 67, '2015-10-26'),
(46, 67, '2015-10-27'),
(47, 67, '2015-10-28'),
(48, 67, '2015-10-30'),
(49, 67, '2015-10-26'),
(50, 67, '2015-10-27'),
(51, 67, '2015-10-28'),
(52, 67, '2015-10-30'),
(53, 67, '2015-11-09'),
(54, 67, '2015-11-10'),
(55, 67, '2015-11-13'),
(56, 67, '2015-11-09'),
(57, 67, '2015-11-10'),
(58, 67, '2015-11-13'),
(59, 67, '2015-11-16'),
(60, 67, '2015-11-17'),
(61, 67, '2015-11-18'),
(62, 67, '2015-11-20'),
(63, 67, '2015-11-16'),
(64, 67, '2015-11-17'),
(65, 67, '2015-11-18'),
(66, 67, '2015-11-20'),
(67, 67, '2015-11-24'),
(68, 67, '2015-11-25'),
(69, 67, '2015-11-27'),
(70, 67, '2015-11-24'),
(71, 67, '2015-11-25'),
(72, 67, '2015-11-27'),
(73, 67, '2015-12-01'),
(74, 67, '2015-12-02'),
(75, 67, '2015-12-04'),
(76, 67, '2015-12-08'),
(77, 67, '2015-12-09'),
(78, 67, '2015-12-11'),
(79, 67, '2015-12-01'),
(80, 67, '2015-12-02'),
(81, 67, '2015-12-04'),
(82, 67, '2015-12-01'),
(83, 67, '2015-12-02'),
(84, 67, '2015-12-04'),
(85, 67, '2015-12-08'),
(86, 67, '2015-12-09'),
(87, 67, '2015-12-11'),
(88, 67, '2015-12-08'),
(89, 67, '2015-12-09'),
(90, 67, '2015-12-11'),
(91, 67, '2015-12-14'),
(92, 67, '2015-12-15'),
(93, 67, '2015-12-16'),
(94, 67, '2015-12-18'),
(95, 67, '2015-12-14'),
(96, 67, '2015-12-15'),
(97, 67, '2015-12-16'),
(98, 67, '2015-12-18'),
(99, 68, '2015-09-21'),
(100, 68, '2015-09-25'),
(101, 68, '2015-09-21'),
(102, 68, '2015-09-25'),
(103, 68, '2015-09-28'),
(104, 68, '2015-09-29'),
(105, 68, '2015-09-30'),
(106, 68, '2015-09-28'),
(107, 68, '2015-09-29'),
(108, 68, '2015-09-30'),
(109, 68, '2015-10-02'),
(110, 68, '2015-10-05'),
(111, 68, '2015-10-06'),
(112, 68, '2015-10-07'),
(113, 68, '2015-10-09'),
(114, 68, '2015-10-02'),
(115, 68, '2015-09-28'),
(116, 68, '2015-09-29'),
(117, 68, '2015-09-30'),
(118, 68, '2015-10-02'),
(119, 68, '2015-10-05'),
(120, 68, '2015-10-06'),
(121, 68, '2015-10-07'),
(122, 68, '2015-10-09'),
(123, 68, '2015-10-05'),
(124, 68, '2015-10-06'),
(125, 68, '2015-10-07'),
(126, 68, '2015-10-09'),
(127, 68, '2015-10-12'),
(128, 68, '2015-10-13'),
(129, 68, '2015-10-14'),
(130, 68, '2015-10-16'),
(131, 68, '2015-10-12'),
(132, 68, '2015-10-13'),
(133, 68, '2015-10-14'),
(134, 68, '2015-10-16'),
(135, 68, '2015-10-19'),
(136, 68, '2015-10-20'),
(137, 68, '2015-10-21'),
(138, 68, '2015-10-23'),
(139, 68, '2015-10-19'),
(140, 68, '2015-10-20'),
(141, 68, '2015-10-21'),
(142, 68, '2015-10-23'),
(143, 68, '2015-10-26'),
(144, 68, '2015-10-27'),
(145, 68, '2015-10-28'),
(146, 68, '2015-10-30'),
(147, 68, '2015-10-26'),
(148, 68, '2015-10-27'),
(149, 68, '2015-10-28'),
(150, 68, '2015-10-30'),
(151, 68, '2015-11-09'),
(152, 68, '2015-11-10'),
(153, 68, '2015-11-13'),
(154, 68, '2015-11-09'),
(155, 68, '2015-11-10'),
(156, 68, '2015-11-13'),
(157, 68, '2015-11-16'),
(158, 68, '2015-11-17'),
(159, 68, '2015-11-18'),
(160, 68, '2015-11-20'),
(161, 68, '2015-11-16'),
(162, 68, '2015-11-17'),
(163, 68, '2015-11-18'),
(164, 68, '2015-11-20'),
(165, 68, '2015-11-24'),
(166, 68, '2015-11-25'),
(167, 68, '2015-11-27'),
(168, 68, '2015-11-24'),
(169, 68, '2015-11-25'),
(170, 68, '2015-11-27'),
(171, 68, '2015-12-01'),
(172, 68, '2015-12-02'),
(173, 68, '2015-12-04'),
(174, 68, '2015-12-08'),
(175, 68, '2015-12-09'),
(176, 68, '2015-12-11'),
(177, 68, '2015-12-01'),
(178, 68, '2015-12-02'),
(179, 68, '2015-12-04'),
(180, 68, '2015-12-01'),
(181, 68, '2015-12-02'),
(182, 68, '2015-12-04'),
(183, 68, '2015-12-08'),
(184, 68, '2015-12-09'),
(185, 68, '2015-12-11'),
(186, 68, '2015-12-08'),
(187, 68, '2015-12-09'),
(188, 68, '2015-12-11'),
(189, 68, '2015-12-14'),
(190, 68, '2015-12-15'),
(191, 68, '2015-12-16'),
(192, 68, '2015-12-18'),
(193, 68, '2015-12-14'),
(194, 68, '2015-12-15'),
(195, 68, '2015-12-16'),
(196, 68, '2015-12-18'),
(197, 69, '2015-09-21'),
(198, 69, '2015-09-25'),
(199, 69, '2015-09-21'),
(200, 69, '2015-09-25'),
(201, 69, '2015-09-28'),
(202, 69, '2015-09-29'),
(203, 69, '2015-09-30'),
(204, 69, '2015-09-28'),
(205, 69, '2015-09-29'),
(206, 69, '2015-09-30'),
(207, 69, '2015-10-02'),
(208, 69, '2015-10-05'),
(209, 69, '2015-10-06'),
(210, 69, '2015-10-07'),
(211, 69, '2015-10-09'),
(212, 69, '2015-10-02'),
(213, 69, '2015-09-28'),
(214, 69, '2015-09-29'),
(215, 69, '2015-09-30'),
(216, 69, '2015-10-02'),
(217, 69, '2015-10-05'),
(218, 69, '2015-10-06'),
(219, 69, '2015-10-07'),
(220, 69, '2015-10-09'),
(221, 69, '2015-10-05'),
(222, 69, '2015-10-06'),
(223, 69, '2015-10-07'),
(224, 69, '2015-10-09'),
(225, 69, '2015-10-12'),
(226, 69, '2015-10-13'),
(227, 69, '2015-10-14'),
(228, 69, '2015-10-16'),
(229, 69, '2015-10-12'),
(230, 69, '2015-10-13'),
(231, 69, '2015-10-14'),
(232, 69, '2015-10-16'),
(233, 69, '2015-10-19'),
(234, 69, '2015-10-20'),
(235, 69, '2015-10-21'),
(236, 69, '2015-10-23'),
(237, 69, '2015-10-19'),
(238, 69, '2015-10-20'),
(239, 69, '2015-10-21'),
(240, 69, '2015-10-23'),
(241, 69, '2015-10-26'),
(242, 69, '2015-10-27'),
(243, 69, '2015-10-28'),
(244, 69, '2015-10-30'),
(245, 69, '2015-10-26'),
(246, 69, '2015-10-27'),
(247, 69, '2015-10-28'),
(248, 69, '2015-10-30'),
(249, 69, '2015-11-09'),
(250, 69, '2015-11-10'),
(251, 69, '2015-11-13'),
(252, 69, '2015-11-09'),
(253, 69, '2015-11-10'),
(254, 69, '2015-11-13'),
(255, 69, '2015-11-16'),
(256, 69, '2015-11-17'),
(257, 69, '2015-11-18'),
(258, 69, '2015-11-20'),
(259, 69, '2015-11-16'),
(260, 69, '2015-11-17'),
(261, 69, '2015-11-18'),
(262, 69, '2015-11-20'),
(263, 69, '2015-11-24'),
(264, 69, '2015-11-25'),
(265, 69, '2015-11-27'),
(266, 69, '2015-11-24'),
(267, 69, '2015-11-25'),
(268, 69, '2015-11-27'),
(269, 69, '2015-12-01'),
(270, 69, '2015-12-02'),
(271, 69, '2015-12-04'),
(272, 69, '2015-12-08'),
(273, 69, '2015-12-09'),
(274, 69, '2015-12-11'),
(275, 69, '2015-12-01'),
(276, 69, '2015-12-02'),
(277, 69, '2015-12-04'),
(278, 69, '2015-12-01'),
(279, 69, '2015-12-02'),
(280, 69, '2015-12-04'),
(281, 69, '2015-12-08'),
(282, 69, '2015-12-09'),
(283, 69, '2015-12-11'),
(284, 69, '2015-12-08'),
(285, 69, '2015-12-09'),
(286, 69, '2015-12-11'),
(287, 69, '2015-12-14'),
(288, 69, '2015-12-15'),
(289, 69, '2015-12-16'),
(290, 69, '2015-12-18'),
(291, 69, '2015-12-14'),
(292, 69, '2015-12-15'),
(293, 69, '2015-12-16'),
(294, 69, '2015-12-18'),
(295, 70, '2015-09-21'),
(296, 70, '2015-09-25'),
(297, 70, '2015-09-21'),
(298, 70, '2015-09-25'),
(299, 70, '2015-09-28'),
(300, 70, '2015-09-29'),
(301, 70, '2015-09-30'),
(302, 70, '2015-09-28'),
(303, 70, '2015-09-29'),
(304, 70, '2015-09-30'),
(305, 70, '2015-10-02'),
(306, 70, '2015-10-05'),
(307, 70, '2015-10-06'),
(308, 70, '2015-10-07'),
(309, 70, '2015-10-09'),
(310, 70, '2015-10-02'),
(311, 70, '2015-09-28'),
(312, 70, '2015-09-29'),
(313, 70, '2015-09-30'),
(314, 70, '2015-10-02'),
(315, 70, '2015-10-05'),
(316, 70, '2015-10-06'),
(317, 70, '2015-10-07'),
(318, 70, '2015-10-09'),
(319, 70, '2015-10-05'),
(320, 70, '2015-10-06'),
(321, 70, '2015-10-07'),
(322, 70, '2015-10-09'),
(323, 70, '2015-10-12'),
(324, 70, '2015-10-13'),
(325, 70, '2015-10-14'),
(326, 70, '2015-10-16'),
(327, 70, '2015-10-12'),
(328, 70, '2015-10-13'),
(329, 70, '2015-10-14'),
(330, 70, '2015-10-16'),
(331, 70, '2015-10-19'),
(332, 70, '2015-10-20'),
(333, 70, '2015-10-21'),
(334, 70, '2015-10-23'),
(335, 70, '2015-10-19'),
(336, 70, '2015-10-20'),
(337, 70, '2015-10-21'),
(338, 70, '2015-10-23'),
(339, 70, '2015-10-26'),
(340, 70, '2015-10-27'),
(341, 70, '2015-10-28'),
(342, 70, '2015-10-30'),
(343, 70, '2015-10-26'),
(344, 70, '2015-10-27'),
(345, 70, '2015-10-28'),
(346, 70, '2015-10-30'),
(347, 70, '2015-11-09'),
(348, 70, '2015-11-10'),
(349, 70, '2015-11-13'),
(350, 70, '2015-11-09'),
(351, 70, '2015-11-10'),
(352, 70, '2015-11-13'),
(353, 70, '2015-11-16'),
(354, 70, '2015-11-17'),
(355, 70, '2015-11-18'),
(356, 70, '2015-11-20'),
(357, 70, '2015-11-16'),
(358, 70, '2015-11-17'),
(359, 70, '2015-11-18'),
(360, 70, '2015-11-20'),
(361, 70, '2015-11-24'),
(362, 70, '2015-11-25'),
(363, 70, '2015-11-27'),
(364, 70, '2015-11-24'),
(365, 70, '2015-11-25'),
(366, 70, '2015-11-27'),
(367, 70, '2015-12-01'),
(368, 70, '2015-12-02'),
(369, 70, '2015-12-04'),
(370, 70, '2015-12-08'),
(371, 70, '2015-12-09'),
(372, 70, '2015-12-11'),
(373, 70, '2015-12-01'),
(374, 70, '2015-12-02'),
(375, 70, '2015-12-04'),
(376, 70, '2015-12-01'),
(377, 70, '2015-12-02'),
(378, 70, '2015-12-04'),
(379, 70, '2015-12-08'),
(380, 70, '2015-12-09'),
(381, 70, '2015-12-11'),
(382, 70, '2015-12-08'),
(383, 70, '2015-12-09'),
(384, 70, '2015-12-11'),
(385, 70, '2015-12-14'),
(386, 70, '2015-12-15'),
(387, 70, '2015-12-16'),
(388, 70, '2015-12-18'),
(389, 70, '2015-12-14'),
(390, 70, '2015-12-15'),
(391, 70, '2015-12-16'),
(392, 70, '2015-12-18'),
(393, 75, '2015-09-21'),
(394, 75, '2015-09-25'),
(395, 75, '2015-09-21'),
(396, 75, '2015-09-25'),
(397, 75, '2015-09-28'),
(398, 75, '2015-09-29'),
(399, 75, '2015-09-30'),
(400, 75, '2015-09-28'),
(401, 75, '2015-09-29'),
(402, 75, '2015-09-30'),
(403, 75, '2015-10-02'),
(404, 75, '2015-10-05'),
(405, 75, '2015-10-06'),
(406, 75, '2015-10-07'),
(407, 75, '2015-10-09'),
(408, 75, '2015-10-02'),
(409, 75, '2015-09-28'),
(410, 75, '2015-09-29'),
(411, 75, '2015-09-30'),
(412, 75, '2015-10-02'),
(413, 75, '2015-10-05'),
(414, 75, '2015-10-06'),
(415, 75, '2015-10-07'),
(416, 75, '2015-10-09'),
(417, 75, '2015-10-05'),
(418, 75, '2015-10-06'),
(419, 75, '2015-10-07'),
(420, 75, '2015-10-09'),
(421, 75, '2015-10-12'),
(422, 75, '2015-10-13'),
(423, 75, '2015-10-14'),
(424, 75, '2015-10-16'),
(425, 75, '2015-10-12'),
(426, 75, '2015-10-13'),
(427, 75, '2015-10-14'),
(428, 75, '2015-10-16'),
(429, 75, '2015-10-19'),
(430, 75, '2015-10-20'),
(431, 75, '2015-10-21'),
(432, 75, '2015-10-23'),
(433, 75, '2015-10-19'),
(434, 75, '2015-10-20'),
(435, 75, '2015-10-21'),
(436, 75, '2015-10-23'),
(437, 75, '2015-10-26'),
(438, 75, '2015-10-27'),
(439, 75, '2015-10-28'),
(440, 75, '2015-10-30'),
(441, 75, '2015-10-26'),
(442, 75, '2015-10-27'),
(443, 75, '2015-10-28'),
(444, 75, '2015-10-30'),
(445, 75, '2015-11-09'),
(446, 75, '2015-11-10'),
(447, 75, '2015-11-13'),
(448, 75, '2015-11-09'),
(449, 75, '2015-11-10'),
(450, 75, '2015-11-13'),
(451, 75, '2015-11-16'),
(452, 75, '2015-11-17'),
(453, 75, '2015-11-18'),
(454, 75, '2015-11-20'),
(455, 75, '2015-11-16'),
(456, 75, '2015-11-17'),
(457, 75, '2015-11-18'),
(458, 75, '2015-11-20'),
(459, 75, '2015-11-24'),
(460, 75, '2015-11-25'),
(461, 75, '2015-11-27'),
(462, 75, '2015-11-24'),
(463, 75, '2015-11-25'),
(464, 75, '2015-11-27'),
(465, 75, '2015-12-01'),
(466, 75, '2015-12-02'),
(467, 75, '2015-12-04'),
(468, 75, '2015-12-08'),
(469, 75, '2015-12-09'),
(470, 75, '2015-12-11'),
(471, 75, '2015-12-01'),
(472, 75, '2015-12-02'),
(473, 75, '2015-12-04'),
(474, 75, '2015-12-01'),
(475, 75, '2015-12-02'),
(476, 75, '2015-12-04'),
(477, 75, '2015-12-08'),
(478, 75, '2015-12-09'),
(479, 75, '2015-12-11'),
(480, 75, '2015-12-08'),
(481, 75, '2015-12-09'),
(482, 75, '2015-12-11'),
(483, 75, '2015-12-14'),
(484, 75, '2015-12-15'),
(485, 75, '2015-12-16'),
(486, 75, '2015-12-18'),
(487, 75, '2015-12-14'),
(488, 75, '2015-12-15'),
(489, 75, '2015-12-16'),
(490, 75, '2015-12-18'),
(491, 76, '2015-09-21'),
(492, 76, '2015-09-25'),
(493, 76, '2015-09-21'),
(494, 76, '2015-09-25'),
(495, 76, '2015-09-28'),
(496, 76, '2015-09-29'),
(497, 76, '2015-09-30'),
(498, 76, '2015-09-28'),
(499, 76, '2015-09-29'),
(500, 76, '2015-09-30'),
(501, 76, '2015-10-02'),
(502, 76, '2015-10-05'),
(503, 76, '2015-10-06'),
(504, 76, '2015-10-07'),
(505, 76, '2015-10-09'),
(506, 76, '2015-10-02'),
(507, 76, '2015-09-28'),
(508, 76, '2015-09-29'),
(509, 76, '2015-09-30'),
(510, 76, '2015-10-02'),
(511, 76, '2015-10-05'),
(512, 76, '2015-10-06'),
(513, 76, '2015-10-07'),
(514, 76, '2015-10-09'),
(515, 76, '2015-10-05'),
(516, 76, '2015-10-06'),
(517, 76, '2015-10-07'),
(518, 76, '2015-10-09'),
(519, 76, '2015-10-12'),
(520, 76, '2015-10-13'),
(521, 76, '2015-10-14'),
(522, 76, '2015-10-16'),
(523, 76, '2015-10-12'),
(524, 76, '2015-10-13'),
(525, 76, '2015-10-14'),
(526, 76, '2015-10-16'),
(527, 76, '2015-10-19'),
(528, 76, '2015-10-20'),
(529, 76, '2015-10-21'),
(530, 76, '2015-10-23'),
(531, 76, '2015-10-19'),
(532, 76, '2015-10-20'),
(533, 76, '2015-10-21'),
(534, 76, '2015-10-23'),
(535, 76, '2015-10-26'),
(536, 76, '2015-10-27'),
(537, 76, '2015-10-28'),
(538, 76, '2015-10-30'),
(539, 76, '2015-10-26'),
(540, 76, '2015-10-27'),
(541, 76, '2015-10-28'),
(542, 76, '2015-10-30'),
(543, 76, '2015-11-09'),
(544, 76, '2015-11-10'),
(545, 76, '2015-11-13'),
(546, 76, '2015-11-09'),
(547, 76, '2015-11-10'),
(548, 76, '2015-11-13'),
(549, 76, '2015-11-16'),
(550, 76, '2015-11-17'),
(551, 76, '2015-11-18'),
(552, 76, '2015-11-20'),
(553, 76, '2015-11-16'),
(554, 76, '2015-11-17'),
(555, 76, '2015-11-18'),
(556, 76, '2015-11-20'),
(557, 76, '2015-11-24'),
(558, 76, '2015-11-25'),
(559, 76, '2015-11-27'),
(560, 76, '2015-11-24'),
(561, 76, '2015-11-25'),
(562, 76, '2015-11-27'),
(563, 76, '2015-12-01'),
(564, 76, '2015-12-02'),
(565, 76, '2015-12-04'),
(566, 76, '2015-12-08'),
(567, 76, '2015-12-09'),
(568, 76, '2015-12-11'),
(569, 76, '2015-12-01'),
(570, 76, '2015-12-02'),
(571, 76, '2015-12-04'),
(572, 76, '2015-12-01'),
(573, 76, '2015-12-02'),
(574, 76, '2015-12-04'),
(575, 76, '2015-12-08'),
(576, 76, '2015-12-09'),
(577, 76, '2015-12-11'),
(578, 76, '2015-12-08'),
(579, 76, '2015-12-09'),
(580, 76, '2015-12-11'),
(581, 76, '2015-12-14'),
(582, 76, '2015-12-15'),
(583, 76, '2015-12-16'),
(584, 76, '2015-12-18'),
(585, 76, '2015-12-14'),
(586, 76, '2015-12-15'),
(587, 76, '2015-12-16'),
(588, 76, '2015-12-18'),
(589, 77, '2015-09-21'),
(590, 77, '2015-09-25'),
(591, 77, '2015-09-21'),
(592, 77, '2015-09-25'),
(593, 77, '2015-09-28'),
(594, 77, '2015-09-29'),
(595, 77, '2015-09-30'),
(596, 77, '2015-09-28'),
(597, 77, '2015-09-29'),
(598, 77, '2015-09-30'),
(599, 77, '2015-10-02'),
(600, 77, '2015-10-05'),
(601, 77, '2015-10-06'),
(602, 77, '2015-10-07'),
(603, 77, '2015-10-09'),
(604, 77, '2015-10-02'),
(605, 77, '2015-09-28'),
(606, 77, '2015-09-29'),
(607, 77, '2015-09-30'),
(608, 77, '2015-10-02'),
(609, 77, '2015-10-05'),
(610, 77, '2015-10-06'),
(611, 77, '2015-10-07'),
(612, 77, '2015-10-09'),
(613, 77, '2015-10-05'),
(614, 77, '2015-10-06'),
(615, 77, '2015-10-07'),
(616, 77, '2015-10-09'),
(617, 77, '2015-10-12'),
(618, 77, '2015-10-13'),
(619, 77, '2015-10-14'),
(620, 77, '2015-10-16'),
(621, 77, '2015-10-12'),
(622, 77, '2015-10-13'),
(623, 77, '2015-10-14'),
(624, 77, '2015-10-16'),
(625, 77, '2015-10-19'),
(626, 77, '2015-10-20'),
(627, 77, '2015-10-21'),
(628, 77, '2015-10-23'),
(629, 77, '2015-10-19'),
(630, 77, '2015-10-20'),
(631, 77, '2015-10-21'),
(632, 77, '2015-10-23'),
(633, 77, '2015-10-26'),
(634, 77, '2015-10-27'),
(635, 77, '2015-10-28'),
(636, 77, '2015-10-30'),
(637, 77, '2015-10-26'),
(638, 77, '2015-10-27'),
(639, 77, '2015-10-28'),
(640, 77, '2015-10-30'),
(641, 77, '2015-11-09'),
(642, 77, '2015-11-10'),
(643, 77, '2015-11-13'),
(644, 77, '2015-11-09'),
(645, 77, '2015-11-10'),
(646, 77, '2015-11-13'),
(647, 77, '2015-11-16'),
(648, 77, '2015-11-17'),
(649, 77, '2015-11-18'),
(650, 77, '2015-11-20'),
(651, 77, '2015-11-16'),
(652, 77, '2015-11-17'),
(653, 77, '2015-11-18'),
(654, 77, '2015-11-20'),
(655, 77, '2015-11-24'),
(656, 77, '2015-11-25'),
(657, 77, '2015-11-27'),
(658, 77, '2015-11-24'),
(659, 77, '2015-11-25'),
(660, 77, '2015-11-27'),
(661, 77, '2015-12-01'),
(662, 77, '2015-12-02'),
(663, 77, '2015-12-04'),
(664, 77, '2015-12-08'),
(665, 77, '2015-12-09'),
(666, 77, '2015-12-11'),
(667, 77, '2015-12-01'),
(668, 77, '2015-12-02'),
(669, 77, '2015-12-04'),
(670, 77, '2015-12-01'),
(671, 77, '2015-12-02'),
(672, 77, '2015-12-04'),
(673, 77, '2015-12-08'),
(674, 77, '2015-12-09'),
(675, 77, '2015-12-11'),
(676, 77, '2015-12-08'),
(677, 77, '2015-12-09'),
(678, 77, '2015-12-11'),
(679, 77, '2015-12-14'),
(680, 77, '2015-12-15'),
(681, 77, '2015-12-16'),
(682, 77, '2015-12-18'),
(683, 77, '2015-12-14'),
(684, 77, '2015-12-15'),
(685, 77, '2015-12-16'),
(686, 77, '2015-12-18'),
(687, 78, '2015-09-21'),
(688, 78, '2015-09-25'),
(689, 78, '2015-09-21'),
(690, 78, '2015-09-25'),
(691, 78, '2015-09-28'),
(692, 78, '2015-09-29'),
(693, 78, '2015-09-30'),
(694, 78, '2015-09-28'),
(695, 78, '2015-09-29'),
(696, 78, '2015-09-30'),
(697, 78, '2015-10-02'),
(698, 78, '2015-10-05'),
(699, 78, '2015-10-06'),
(700, 78, '2015-10-07'),
(701, 78, '2015-10-09'),
(702, 78, '2015-10-02'),
(703, 78, '2015-09-28'),
(704, 78, '2015-09-29'),
(705, 78, '2015-09-30'),
(706, 78, '2015-10-02'),
(707, 78, '2015-10-05'),
(708, 78, '2015-10-06'),
(709, 78, '2015-10-07'),
(710, 78, '2015-10-09'),
(711, 78, '2015-10-05'),
(712, 78, '2015-10-06'),
(713, 78, '2015-10-07'),
(714, 78, '2015-10-09'),
(715, 78, '2015-10-12'),
(716, 78, '2015-10-13'),
(717, 78, '2015-10-14'),
(718, 78, '2015-10-16'),
(719, 78, '2015-10-12'),
(720, 78, '2015-10-13'),
(721, 78, '2015-10-14'),
(722, 78, '2015-10-16'),
(723, 78, '2015-10-19'),
(724, 78, '2015-10-20'),
(725, 78, '2015-10-21'),
(726, 78, '2015-10-23'),
(727, 78, '2015-10-19'),
(728, 78, '2015-10-20'),
(729, 78, '2015-10-21'),
(730, 78, '2015-10-23'),
(731, 78, '2015-10-26'),
(732, 78, '2015-10-27'),
(733, 78, '2015-10-28'),
(734, 78, '2015-10-30'),
(735, 78, '2015-10-26'),
(736, 78, '2015-10-27'),
(737, 78, '2015-10-28'),
(738, 78, '2015-10-30'),
(739, 78, '2015-11-09'),
(740, 78, '2015-11-10'),
(741, 78, '2015-11-13'),
(742, 78, '2015-11-09'),
(743, 78, '2015-11-10'),
(744, 78, '2015-11-13'),
(745, 78, '2015-11-16'),
(746, 78, '2015-11-17'),
(747, 78, '2015-11-18'),
(748, 78, '2015-11-20'),
(749, 78, '2015-11-16'),
(750, 78, '2015-11-17'),
(751, 78, '2015-11-18'),
(752, 78, '2015-11-20'),
(753, 78, '2015-11-24'),
(754, 78, '2015-11-25'),
(755, 78, '2015-11-27'),
(756, 78, '2015-11-24'),
(757, 78, '2015-11-25'),
(758, 78, '2015-11-27'),
(759, 78, '2015-12-01'),
(760, 78, '2015-12-02'),
(761, 78, '2015-12-04'),
(762, 78, '2015-12-08'),
(763, 78, '2015-12-09'),
(764, 78, '2015-12-11'),
(765, 78, '2015-12-01'),
(766, 78, '2015-12-02'),
(767, 78, '2015-12-04'),
(768, 78, '2015-12-01'),
(769, 78, '2015-12-02'),
(770, 78, '2015-12-04'),
(771, 78, '2015-12-08'),
(772, 78, '2015-12-09'),
(773, 78, '2015-12-11'),
(774, 78, '2015-12-08'),
(775, 78, '2015-12-09'),
(776, 78, '2015-12-11'),
(777, 78, '2015-12-14'),
(778, 78, '2015-12-15'),
(779, 78, '2015-12-16'),
(780, 78, '2015-12-18'),
(781, 78, '2015-12-14'),
(782, 78, '2015-12-15'),
(783, 78, '2015-12-16'),
(784, 78, '2015-12-18'),
(785, 71, '2015-09-25'),
(786, 71, '2015-09-25'),
(787, 71, '2015-09-28'),
(788, 71, '2015-09-29'),
(789, 71, '2015-09-28'),
(790, 71, '2015-09-29'),
(791, 71, '2015-10-01'),
(792, 71, '2015-10-02'),
(793, 71, '2015-10-05'),
(794, 71, '2015-10-06'),
(795, 71, '2015-10-08'),
(796, 71, '2015-10-09'),
(797, 71, '2015-10-01'),
(798, 71, '2015-10-02'),
(799, 71, '2015-09-28'),
(800, 71, '2015-09-29'),
(801, 71, '2015-10-01'),
(802, 71, '2015-10-02'),
(803, 71, '2015-10-05'),
(804, 71, '2015-10-06'),
(805, 71, '2015-10-08'),
(806, 71, '2015-10-09'),
(807, 71, '2015-10-05'),
(808, 71, '2015-10-06'),
(809, 71, '2015-10-08'),
(810, 71, '2015-10-09'),
(811, 71, '2015-10-12'),
(812, 71, '2015-10-13'),
(813, 71, '2015-10-16'),
(814, 71, '2015-10-12'),
(815, 71, '2015-10-13'),
(816, 71, '2015-10-16'),
(817, 71, '2015-10-19'),
(818, 71, '2015-10-20'),
(819, 71, '2015-10-22'),
(820, 71, '2015-10-23'),
(821, 71, '2015-10-19'),
(822, 71, '2015-10-20'),
(823, 71, '2015-10-22'),
(824, 71, '2015-10-23'),
(825, 71, '2015-10-26'),
(826, 71, '2015-10-27'),
(827, 71, '2015-10-29'),
(828, 71, '2015-10-30'),
(829, 71, '2015-10-26'),
(830, 71, '2015-10-27'),
(831, 71, '2015-10-29'),
(832, 71, '2015-10-30'),
(833, 71, '2015-11-09'),
(834, 71, '2015-11-10'),
(835, 71, '2015-11-12'),
(836, 71, '2015-11-13'),
(837, 71, '2015-11-09'),
(838, 71, '2015-11-10'),
(839, 71, '2015-11-12'),
(840, 71, '2015-11-13'),
(841, 71, '2015-11-16'),
(842, 71, '2015-11-17'),
(843, 71, '2015-11-19'),
(844, 71, '2015-11-20'),
(845, 71, '2015-11-16'),
(846, 71, '2015-11-17'),
(847, 71, '2015-11-19'),
(848, 71, '2015-11-20'),
(849, 71, '2015-11-24'),
(850, 71, '2015-11-26'),
(851, 71, '2015-11-27'),
(852, 71, '2015-11-24'),
(853, 71, '2015-11-26'),
(854, 71, '2015-11-27'),
(855, 71, '2015-12-01'),
(856, 71, '2015-12-03'),
(857, 71, '2015-12-04'),
(858, 71, '2015-12-08'),
(859, 71, '2015-12-10'),
(860, 71, '2015-12-11'),
(861, 71, '2015-12-01'),
(862, 71, '2015-12-03'),
(863, 71, '2015-12-04'),
(864, 71, '2015-12-01'),
(865, 71, '2015-12-03'),
(866, 71, '2015-12-04'),
(867, 71, '2015-12-08'),
(868, 71, '2015-12-10'),
(869, 71, '2015-12-11'),
(870, 71, '2015-12-08'),
(871, 71, '2015-12-10'),
(872, 71, '2015-12-11'),
(873, 71, '2015-12-14'),
(874, 71, '2015-12-15'),
(875, 71, '2015-12-17'),
(876, 71, '2015-12-18'),
(877, 71, '2015-12-14'),
(878, 71, '2015-12-15'),
(879, 71, '2015-12-17'),
(880, 71, '2015-12-18'),
(881, 72, '2015-09-25'),
(882, 72, '2015-09-25'),
(883, 72, '2015-09-28'),
(884, 72, '2015-09-29'),
(885, 72, '2015-09-28'),
(886, 72, '2015-09-29'),
(887, 72, '2015-10-01'),
(888, 72, '2015-10-02'),
(889, 72, '2015-10-05'),
(890, 72, '2015-10-06'),
(891, 72, '2015-10-08'),
(892, 72, '2015-10-09'),
(893, 72, '2015-10-01'),
(894, 72, '2015-10-02'),
(895, 72, '2015-09-28'),
(896, 72, '2015-09-29'),
(897, 72, '2015-10-01'),
(898, 72, '2015-10-02'),
(899, 72, '2015-10-05'),
(900, 72, '2015-10-06'),
(901, 72, '2015-10-08'),
(902, 72, '2015-10-09'),
(903, 72, '2015-10-05'),
(904, 72, '2015-10-06'),
(905, 72, '2015-10-08'),
(906, 72, '2015-10-09'),
(907, 72, '2015-10-12'),
(908, 72, '2015-10-13'),
(909, 72, '2015-10-16'),
(910, 72, '2015-10-12'),
(911, 72, '2015-10-13'),
(912, 72, '2015-10-16'),
(913, 72, '2015-10-19'),
(914, 72, '2015-10-20'),
(915, 72, '2015-10-22'),
(916, 72, '2015-10-23'),
(917, 72, '2015-10-19'),
(918, 72, '2015-10-20'),
(919, 72, '2015-10-22'),
(920, 72, '2015-10-23'),
(921, 72, '2015-10-26'),
(922, 72, '2015-10-27'),
(923, 72, '2015-10-29'),
(924, 72, '2015-10-30'),
(925, 72, '2015-10-26'),
(926, 72, '2015-10-27'),
(927, 72, '2015-10-29'),
(928, 72, '2015-10-30'),
(929, 72, '2015-11-09'),
(930, 72, '2015-11-10'),
(931, 72, '2015-11-12'),
(932, 72, '2015-11-13'),
(933, 72, '2015-11-09'),
(934, 72, '2015-11-10'),
(935, 72, '2015-11-12'),
(936, 72, '2015-11-13'),
(937, 72, '2015-11-16'),
(938, 72, '2015-11-17'),
(939, 72, '2015-11-19'),
(940, 72, '2015-11-20'),
(941, 72, '2015-11-16'),
(942, 72, '2015-11-17'),
(943, 72, '2015-11-19'),
(944, 72, '2015-11-20'),
(945, 72, '2015-11-24'),
(946, 72, '2015-11-26'),
(947, 72, '2015-11-27'),
(948, 72, '2015-11-24'),
(949, 72, '2015-11-26'),
(950, 72, '2015-11-27'),
(951, 72, '2015-12-01'),
(952, 72, '2015-12-03'),
(953, 72, '2015-12-04'),
(954, 72, '2015-12-08'),
(955, 72, '2015-12-10'),
(956, 72, '2015-12-11'),
(957, 72, '2015-12-01'),
(958, 72, '2015-12-03'),
(959, 72, '2015-12-04'),
(960, 72, '2015-12-01'),
(961, 72, '2015-12-03'),
(962, 72, '2015-12-04'),
(963, 72, '2015-12-08'),
(964, 72, '2015-12-10'),
(965, 72, '2015-12-11'),
(966, 72, '2015-12-08'),
(967, 72, '2015-12-10'),
(968, 72, '2015-12-11'),
(969, 72, '2015-12-14'),
(970, 72, '2015-12-15'),
(971, 72, '2015-12-17'),
(972, 72, '2015-12-18'),
(973, 72, '2015-12-14'),
(974, 72, '2015-12-15'),
(975, 72, '2015-12-17'),
(976, 72, '2015-12-18'),
(977, 73, '2015-09-25'),
(978, 73, '2015-09-25'),
(979, 73, '2015-09-28'),
(980, 73, '2015-09-29'),
(981, 73, '2015-09-28'),
(982, 73, '2015-09-29'),
(983, 73, '2015-10-01'),
(984, 73, '2015-10-02'),
(985, 73, '2015-10-05'),
(986, 73, '2015-10-06'),
(987, 73, '2015-10-08'),
(988, 73, '2015-10-09'),
(989, 73, '2015-10-01'),
(990, 73, '2015-10-02'),
(991, 73, '2015-09-28'),
(992, 73, '2015-09-29'),
(993, 73, '2015-10-01'),
(994, 73, '2015-10-02'),
(995, 73, '2015-10-05'),
(996, 73, '2015-10-06'),
(997, 73, '2015-10-08'),
(998, 73, '2015-10-09'),
(999, 73, '2015-10-05'),
(1000, 73, '2015-10-06'),
(1001, 73, '2015-10-08'),
(1002, 73, '2015-10-09'),
(1003, 73, '2015-10-12'),
(1004, 73, '2015-10-13'),
(1005, 73, '2015-10-16'),
(1006, 73, '2015-10-12'),
(1007, 73, '2015-10-13'),
(1008, 73, '2015-10-16'),
(1009, 73, '2015-10-19'),
(1010, 73, '2015-10-20'),
(1011, 73, '2015-10-22'),
(1012, 73, '2015-10-23'),
(1013, 73, '2015-10-19'),
(1014, 73, '2015-10-20'),
(1015, 73, '2015-10-22'),
(1016, 73, '2015-10-23'),
(1017, 73, '2015-10-26'),
(1018, 73, '2015-10-27'),
(1019, 73, '2015-10-29'),
(1020, 73, '2015-10-30'),
(1021, 73, '2015-10-26'),
(1022, 73, '2015-10-27'),
(1023, 73, '2015-10-29'),
(1024, 73, '2015-10-30'),
(1025, 73, '2015-11-09'),
(1026, 73, '2015-11-10'),
(1027, 73, '2015-11-12'),
(1028, 73, '2015-11-13'),
(1029, 73, '2015-11-09'),
(1030, 73, '2015-11-10'),
(1031, 73, '2015-11-12'),
(1032, 73, '2015-11-13'),
(1033, 73, '2015-11-16'),
(1034, 73, '2015-11-17'),
(1035, 73, '2015-11-19'),
(1036, 73, '2015-11-20'),
(1037, 73, '2015-11-16'),
(1038, 73, '2015-11-17'),
(1039, 73, '2015-11-19'),
(1040, 73, '2015-11-20'),
(1041, 73, '2015-11-24'),
(1042, 73, '2015-11-26'),
(1043, 73, '2015-11-27'),
(1044, 73, '2015-11-24'),
(1045, 73, '2015-11-26'),
(1046, 73, '2015-11-27'),
(1047, 73, '2015-12-01'),
(1048, 73, '2015-12-03'),
(1049, 73, '2015-12-04'),
(1050, 73, '2015-12-08'),
(1051, 73, '2015-12-10'),
(1052, 73, '2015-12-11'),
(1053, 73, '2015-12-01'),
(1054, 73, '2015-12-03'),
(1055, 73, '2015-12-04'),
(1056, 73, '2015-12-01'),
(1057, 73, '2015-12-03'),
(1058, 73, '2015-12-04'),
(1059, 73, '2015-12-08'),
(1060, 73, '2015-12-10'),
(1061, 73, '2015-12-11'),
(1062, 73, '2015-12-08'),
(1063, 73, '2015-12-10'),
(1064, 73, '2015-12-11'),
(1065, 73, '2015-12-14'),
(1066, 73, '2015-12-15'),
(1067, 73, '2015-12-17'),
(1068, 73, '2015-12-18'),
(1069, 73, '2015-12-14'),
(1070, 73, '2015-12-15'),
(1071, 73, '2015-12-17'),
(1072, 73, '2015-12-18'),
(1073, 74, '2015-09-25'),
(1074, 74, '2015-09-25'),
(1075, 74, '2015-09-28'),
(1076, 74, '2015-09-29'),
(1077, 74, '2015-09-28'),
(1078, 74, '2015-09-29'),
(1079, 74, '2015-10-01'),
(1080, 74, '2015-10-02'),
(1081, 74, '2015-10-05'),
(1082, 74, '2015-10-06'),
(1083, 74, '2015-10-08'),
(1084, 74, '2015-10-09'),
(1085, 74, '2015-10-01'),
(1086, 74, '2015-10-02'),
(1087, 74, '2015-09-28'),
(1088, 74, '2015-09-29'),
(1089, 74, '2015-10-01'),
(1090, 74, '2015-10-02'),
(1091, 74, '2015-10-05'),
(1092, 74, '2015-10-06'),
(1093, 74, '2015-10-08'),
(1094, 74, '2015-10-09'),
(1095, 74, '2015-10-05'),
(1096, 74, '2015-10-06'),
(1097, 74, '2015-10-08'),
(1098, 74, '2015-10-09'),
(1099, 74, '2015-10-12'),
(1100, 74, '2015-10-13'),
(1101, 74, '2015-10-16'),
(1102, 74, '2015-10-12'),
(1103, 74, '2015-10-13'),
(1104, 74, '2015-10-16'),
(1105, 74, '2015-10-19'),
(1106, 74, '2015-10-20'),
(1107, 74, '2015-10-22'),
(1108, 74, '2015-10-23'),
(1109, 74, '2015-10-19'),
(1110, 74, '2015-10-20'),
(1111, 74, '2015-10-22'),
(1112, 74, '2015-10-23'),
(1113, 74, '2015-10-26'),
(1114, 74, '2015-10-27'),
(1115, 74, '2015-10-29'),
(1116, 74, '2015-10-30'),
(1117, 74, '2015-10-26'),
(1118, 74, '2015-10-27'),
(1119, 74, '2015-10-29'),
(1120, 74, '2015-10-30'),
(1121, 74, '2015-11-09'),
(1122, 74, '2015-11-10'),
(1123, 74, '2015-11-12'),
(1124, 74, '2015-11-13'),
(1125, 74, '2015-11-09'),
(1126, 74, '2015-11-10'),
(1127, 74, '2015-11-12'),
(1128, 74, '2015-11-13'),
(1129, 74, '2015-11-16'),
(1130, 74, '2015-11-17'),
(1131, 74, '2015-11-19'),
(1132, 74, '2015-11-20'),
(1133, 74, '2015-11-16'),
(1134, 74, '2015-11-17'),
(1135, 74, '2015-11-19'),
(1136, 74, '2015-11-20'),
(1137, 74, '2015-11-24'),
(1138, 74, '2015-11-26'),
(1139, 74, '2015-11-27'),
(1140, 74, '2015-11-24'),
(1141, 74, '2015-11-26'),
(1142, 74, '2015-11-27'),
(1143, 74, '2015-12-01'),
(1144, 74, '2015-12-03'),
(1145, 74, '2015-12-04'),
(1146, 74, '2015-12-08'),
(1147, 74, '2015-12-10'),
(1148, 74, '2015-12-11'),
(1149, 74, '2015-12-01'),
(1150, 74, '2015-12-03'),
(1151, 74, '2015-12-04'),
(1152, 74, '2015-12-01'),
(1153, 74, '2015-12-03'),
(1154, 74, '2015-12-04'),
(1155, 74, '2015-12-08'),
(1156, 74, '2015-12-10'),
(1157, 74, '2015-12-11'),
(1158, 74, '2015-12-08'),
(1159, 74, '2015-12-10'),
(1160, 74, '2015-12-11'),
(1161, 74, '2015-12-14'),
(1162, 74, '2015-12-15'),
(1163, 74, '2015-12-17'),
(1164, 74, '2015-12-18'),
(1165, 74, '2015-12-14'),
(1166, 74, '2015-12-15'),
(1167, 74, '2015-12-17'),
(1168, 74, '2015-12-18'),
(1169, 79, '2015-09-25'),
(1170, 79, '2015-09-25'),
(1171, 79, '2015-09-28'),
(1172, 79, '2015-09-29'),
(1173, 79, '2015-09-28'),
(1174, 79, '2015-09-29'),
(1175, 79, '2015-10-01'),
(1176, 79, '2015-10-02'),
(1177, 79, '2015-10-05'),
(1178, 79, '2015-10-06'),
(1179, 79, '2015-10-08'),
(1180, 79, '2015-10-09'),
(1181, 79, '2015-10-01'),
(1182, 79, '2015-10-02'),
(1183, 79, '2015-09-28'),
(1184, 79, '2015-09-29'),
(1185, 79, '2015-10-01'),
(1186, 79, '2015-10-02'),
(1187, 79, '2015-10-05'),
(1188, 79, '2015-10-06'),
(1189, 79, '2015-10-08'),
(1190, 79, '2015-10-09'),
(1191, 79, '2015-10-05'),
(1192, 79, '2015-10-06'),
(1193, 79, '2015-10-08'),
(1194, 79, '2015-10-09'),
(1195, 79, '2015-10-12'),
(1196, 79, '2015-10-13'),
(1197, 79, '2015-10-16'),
(1198, 79, '2015-10-12'),
(1199, 79, '2015-10-13'),
(1200, 79, '2015-10-16'),
(1201, 79, '2015-10-19'),
(1202, 79, '2015-10-20'),
(1203, 79, '2015-10-22'),
(1204, 79, '2015-10-23'),
(1205, 79, '2015-10-19'),
(1206, 79, '2015-10-20'),
(1207, 79, '2015-10-22'),
(1208, 79, '2015-10-23'),
(1209, 79, '2015-10-26'),
(1210, 79, '2015-10-27'),
(1211, 79, '2015-10-29'),
(1212, 79, '2015-10-30'),
(1213, 79, '2015-10-26'),
(1214, 79, '2015-10-27'),
(1215, 79, '2015-10-29'),
(1216, 79, '2015-10-30'),
(1217, 79, '2015-11-09'),
(1218, 79, '2015-11-10'),
(1219, 79, '2015-11-12'),
(1220, 79, '2015-11-13'),
(1221, 79, '2015-11-09'),
(1222, 79, '2015-11-10'),
(1223, 79, '2015-11-12'),
(1224, 79, '2015-11-13'),
(1225, 79, '2015-11-16'),
(1226, 79, '2015-11-17'),
(1227, 79, '2015-11-19'),
(1228, 79, '2015-11-20'),
(1229, 79, '2015-11-16'),
(1230, 79, '2015-11-17'),
(1231, 79, '2015-11-19'),
(1232, 79, '2015-11-20'),
(1233, 79, '2015-11-24'),
(1234, 79, '2015-11-26'),
(1235, 79, '2015-11-27'),
(1236, 79, '2015-11-24'),
(1237, 79, '2015-11-26'),
(1238, 79, '2015-11-27'),
(1239, 79, '2015-12-01'),
(1240, 79, '2015-12-03'),
(1241, 79, '2015-12-04'),
(1242, 79, '2015-12-08'),
(1243, 79, '2015-12-10'),
(1244, 79, '2015-12-11'),
(1245, 79, '2015-12-01'),
(1246, 79, '2015-12-03'),
(1247, 79, '2015-12-04'),
(1248, 79, '2015-12-01'),
(1249, 79, '2015-12-03'),
(1250, 79, '2015-12-04'),
(1251, 79, '2015-12-08'),
(1252, 79, '2015-12-10'),
(1253, 79, '2015-12-11'),
(1254, 79, '2015-12-08'),
(1255, 79, '2015-12-10'),
(1256, 79, '2015-12-11'),
(1257, 79, '2015-12-14'),
(1258, 79, '2015-12-15'),
(1259, 79, '2015-12-17'),
(1260, 79, '2015-12-18'),
(1261, 79, '2015-12-14'),
(1262, 79, '2015-12-15'),
(1263, 79, '2015-12-17'),
(1264, 79, '2015-12-18'),
(1265, 80, '2015-09-25'),
(1266, 80, '2015-09-25'),
(1267, 80, '2015-09-28'),
(1268, 80, '2015-09-29'),
(1269, 80, '2015-09-28'),
(1270, 80, '2015-09-29'),
(1271, 80, '2015-10-01'),
(1272, 80, '2015-10-02'),
(1273, 80, '2015-10-05'),
(1274, 80, '2015-10-06'),
(1275, 80, '2015-10-08'),
(1276, 80, '2015-10-09'),
(1277, 80, '2015-10-01'),
(1278, 80, '2015-10-02'),
(1279, 80, '2015-09-28'),
(1280, 80, '2015-09-29'),
(1281, 80, '2015-10-01'),
(1282, 80, '2015-10-02'),
(1283, 80, '2015-10-05'),
(1284, 80, '2015-10-06'),
(1285, 80, '2015-10-08'),
(1286, 80, '2015-10-09'),
(1287, 80, '2015-10-05'),
(1288, 80, '2015-10-06'),
(1289, 80, '2015-10-08'),
(1290, 80, '2015-10-09'),
(1291, 80, '2015-10-12'),
(1292, 80, '2015-10-13'),
(1293, 80, '2015-10-16'),
(1294, 80, '2015-10-12'),
(1295, 80, '2015-10-13'),
(1296, 80, '2015-10-16'),
(1297, 80, '2015-10-19'),
(1298, 80, '2015-10-20'),
(1299, 80, '2015-10-22'),
(1300, 80, '2015-10-23'),
(1301, 80, '2015-10-19'),
(1302, 80, '2015-10-20'),
(1303, 80, '2015-10-22'),
(1304, 80, '2015-10-23'),
(1305, 80, '2015-10-26'),
(1306, 80, '2015-10-27'),
(1307, 80, '2015-10-29'),
(1308, 80, '2015-10-30'),
(1309, 80, '2015-10-26'),
(1310, 80, '2015-10-27'),
(1311, 80, '2015-10-29'),
(1312, 80, '2015-10-30'),
(1313, 80, '2015-11-09'),
(1314, 80, '2015-11-10'),
(1315, 80, '2015-11-12'),
(1316, 80, '2015-11-13'),
(1317, 80, '2015-11-09'),
(1318, 80, '2015-11-10'),
(1319, 80, '2015-11-12'),
(1320, 80, '2015-11-13'),
(1321, 80, '2015-11-16'),
(1322, 80, '2015-11-17'),
(1323, 80, '2015-11-19'),
(1324, 80, '2015-11-20'),
(1325, 80, '2015-11-16'),
(1326, 80, '2015-11-17'),
(1327, 80, '2015-11-19'),
(1328, 80, '2015-11-20'),
(1329, 80, '2015-11-24'),
(1330, 80, '2015-11-26'),
(1331, 80, '2015-11-27'),
(1332, 80, '2015-11-24'),
(1333, 80, '2015-11-26'),
(1334, 80, '2015-11-27'),
(1335, 80, '2015-12-01'),
(1336, 80, '2015-12-03'),
(1337, 80, '2015-12-04'),
(1338, 80, '2015-12-08'),
(1339, 80, '2015-12-10'),
(1340, 80, '2015-12-11'),
(1341, 80, '2015-12-01'),
(1342, 80, '2015-12-03'),
(1343, 80, '2015-12-04'),
(1344, 80, '2015-12-01'),
(1345, 80, '2015-12-03'),
(1346, 80, '2015-12-04'),
(1347, 80, '2015-12-08'),
(1348, 80, '2015-12-10'),
(1349, 80, '2015-12-11'),
(1350, 80, '2015-12-08'),
(1351, 80, '2015-12-10'),
(1352, 80, '2015-12-11'),
(1353, 80, '2015-12-14'),
(1354, 80, '2015-12-15'),
(1355, 80, '2015-12-17'),
(1356, 80, '2015-12-18'),
(1357, 80, '2015-12-14'),
(1358, 80, '2015-12-15'),
(1359, 80, '2015-12-17'),
(1360, 80, '2015-12-18'),
(1361, 81, '2015-09-25'),
(1362, 81, '2015-09-25'),
(1363, 81, '2015-09-28'),
(1364, 81, '2015-09-29'),
(1365, 81, '2015-09-28'),
(1366, 81, '2015-09-29'),
(1367, 81, '2015-10-01'),
(1368, 81, '2015-10-02'),
(1369, 81, '2015-10-05'),
(1370, 81, '2015-10-06'),
(1371, 81, '2015-10-08'),
(1372, 81, '2015-10-09'),
(1373, 81, '2015-10-01'),
(1374, 81, '2015-10-02'),
(1375, 81, '2015-09-28'),
(1376, 81, '2015-09-29'),
(1377, 81, '2015-10-01'),
(1378, 81, '2015-10-02'),
(1379, 81, '2015-10-05'),
(1380, 81, '2015-10-06'),
(1381, 81, '2015-10-08'),
(1382, 81, '2015-10-09'),
(1383, 81, '2015-10-05'),
(1384, 81, '2015-10-06'),
(1385, 81, '2015-10-08'),
(1386, 81, '2015-10-09'),
(1387, 81, '2015-10-12'),
(1388, 81, '2015-10-13'),
(1389, 81, '2015-10-16'),
(1390, 81, '2015-10-12'),
(1391, 81, '2015-10-13'),
(1392, 81, '2015-10-16'),
(1393, 81, '2015-10-19'),
(1394, 81, '2015-10-20'),
(1395, 81, '2015-10-22'),
(1396, 81, '2015-10-23'),
(1397, 81, '2015-10-19'),
(1398, 81, '2015-10-20'),
(1399, 81, '2015-10-22'),
(1400, 81, '2015-10-23'),
(1401, 81, '2015-10-26'),
(1402, 81, '2015-10-27'),
(1403, 81, '2015-10-29'),
(1404, 81, '2015-10-30'),
(1405, 81, '2015-10-26'),
(1406, 81, '2015-10-27'),
(1407, 81, '2015-10-29'),
(1408, 81, '2015-10-30'),
(1409, 81, '2015-11-09'),
(1410, 81, '2015-11-10'),
(1411, 81, '2015-11-12'),
(1412, 81, '2015-11-13'),
(1413, 81, '2015-11-09'),
(1414, 81, '2015-11-10'),
(1415, 81, '2015-11-12'),
(1416, 81, '2015-11-13'),
(1417, 81, '2015-11-16'),
(1418, 81, '2015-11-17'),
(1419, 81, '2015-11-19'),
(1420, 81, '2015-11-20'),
(1421, 81, '2015-11-16'),
(1422, 81, '2015-11-17'),
(1423, 81, '2015-11-19'),
(1424, 81, '2015-11-20'),
(1425, 81, '2015-11-24'),
(1426, 81, '2015-11-26'),
(1427, 81, '2015-11-27'),
(1428, 81, '2015-11-24'),
(1429, 81, '2015-11-26'),
(1430, 81, '2015-11-27'),
(1431, 81, '2015-12-01'),
(1432, 81, '2015-12-03'),
(1433, 81, '2015-12-04'),
(1434, 81, '2015-12-08'),
(1435, 81, '2015-12-10'),
(1436, 81, '2015-12-11'),
(1437, 81, '2015-12-01'),
(1438, 81, '2015-12-03'),
(1439, 81, '2015-12-04'),
(1440, 81, '2015-12-01'),
(1441, 81, '2015-12-03'),
(1442, 81, '2015-12-04'),
(1443, 81, '2015-12-08'),
(1444, 81, '2015-12-10'),
(1445, 81, '2015-12-11'),
(1446, 81, '2015-12-08'),
(1447, 81, '2015-12-10'),
(1448, 81, '2015-12-11'),
(1449, 81, '2015-12-14'),
(1450, 81, '2015-12-15'),
(1451, 81, '2015-12-17'),
(1452, 81, '2015-12-18'),
(1453, 81, '2015-12-14'),
(1454, 81, '2015-12-15'),
(1455, 81, '2015-12-17'),
(1456, 81, '2015-12-18'),
(1457, 82, '2015-09-25'),
(1458, 82, '2015-09-25'),
(1459, 82, '2015-09-28'),
(1460, 82, '2015-09-29'),
(1461, 82, '2015-09-28'),
(1462, 82, '2015-09-29'),
(1463, 82, '2015-10-01'),
(1464, 82, '2015-10-02'),
(1465, 82, '2015-10-05'),
(1466, 82, '2015-10-06'),
(1467, 82, '2015-10-08'),
(1468, 82, '2015-10-09'),
(1469, 82, '2015-10-01'),
(1470, 82, '2015-10-02'),
(1471, 82, '2015-09-28'),
(1472, 82, '2015-09-29'),
(1473, 82, '2015-10-01'),
(1474, 82, '2015-10-02'),
(1475, 82, '2015-10-05'),
(1476, 82, '2015-10-06'),
(1477, 82, '2015-10-08'),
(1478, 82, '2015-10-09'),
(1479, 82, '2015-10-05'),
(1480, 82, '2015-10-06'),
(1481, 82, '2015-10-08'),
(1482, 82, '2015-10-09'),
(1483, 82, '2015-10-12'),
(1484, 82, '2015-10-13'),
(1485, 82, '2015-10-16'),
(1486, 82, '2015-10-12'),
(1487, 82, '2015-10-13'),
(1488, 82, '2015-10-16'),
(1489, 82, '2015-10-19'),
(1490, 82, '2015-10-20'),
(1491, 82, '2015-10-22'),
(1492, 82, '2015-10-23'),
(1493, 82, '2015-10-19'),
(1494, 82, '2015-10-20'),
(1495, 82, '2015-10-22'),
(1496, 82, '2015-10-23'),
(1497, 82, '2015-10-26'),
(1498, 82, '2015-10-27'),
(1499, 82, '2015-10-29'),
(1500, 82, '2015-10-30'),
(1501, 82, '2015-10-26'),
(1502, 82, '2015-10-27'),
(1503, 82, '2015-10-29'),
(1504, 82, '2015-10-30'),
(1505, 82, '2015-11-09'),
(1506, 82, '2015-11-10'),
(1507, 82, '2015-11-12'),
(1508, 82, '2015-11-13'),
(1509, 82, '2015-11-09'),
(1510, 82, '2015-11-10'),
(1511, 82, '2015-11-12'),
(1512, 82, '2015-11-13'),
(1513, 82, '2015-11-16'),
(1514, 82, '2015-11-17'),
(1515, 82, '2015-11-19'),
(1516, 82, '2015-11-20'),
(1517, 82, '2015-11-16'),
(1518, 82, '2015-11-17'),
(1519, 82, '2015-11-19'),
(1520, 82, '2015-11-20'),
(1521, 82, '2015-11-24'),
(1522, 82, '2015-11-26'),
(1523, 82, '2015-11-27'),
(1524, 82, '2015-11-24'),
(1525, 82, '2015-11-26'),
(1526, 82, '2015-11-27'),
(1527, 82, '2015-12-01'),
(1528, 82, '2015-12-03'),
(1529, 82, '2015-12-04'),
(1530, 82, '2015-12-08'),
(1531, 82, '2015-12-10'),
(1532, 82, '2015-12-11'),
(1533, 82, '2015-12-01'),
(1534, 82, '2015-12-03'),
(1535, 82, '2015-12-04'),
(1536, 82, '2015-12-01'),
(1537, 82, '2015-12-03'),
(1538, 82, '2015-12-04'),
(1539, 82, '2015-12-08'),
(1540, 82, '2015-12-10'),
(1541, 82, '2015-12-11'),
(1542, 82, '2015-12-08'),
(1543, 82, '2015-12-10'),
(1544, 82, '2015-12-11'),
(1545, 82, '2015-12-14'),
(1546, 82, '2015-12-15'),
(1547, 82, '2015-12-17'),
(1548, 82, '2015-12-18'),
(1549, 82, '2015-12-14'),
(1550, 82, '2015-12-15'),
(1551, 82, '2015-12-17'),
(1552, 82, '2015-12-18');

-- --------------------------------------------------------

--
-- Structure de la table `Deadlines`
--

DROP TABLE IF EXISTS `Deadlines`;
CREATE TABLE IF NOT EXISTS `Deadlines` (
  `id` int(11) NOT NULL AUTO_INCREMENT,
  `description` mediumtext COLLATE utf8_unicode_ci,
  `date_creation` date DEFAULT NULL,
  `date_limit` datetime DEFAULT NULL,
  `id_createur` int(11) DEFAULT NULL,
  `Status` tinyint(1) DEFAULT NULL,
  `id_group` int(11) DEFAULT NULL,
  `cross` tinyint(1) DEFAULT '0',
  PRIMARY KEY (`id`),
  KEY `key_deadline_group_idx` (`id_group`)
) ENGINE=InnoDB DEFAULT CHARSET=utf8 COLLATE=utf8_unicode_ci AUTO_INCREMENT=1 ;

-- --------------------------------------------------------

--
-- Structure de la table `Delivery`
--

DROP TABLE IF EXISTS `Delivery`;
CREATE TABLE IF NOT EXISTS `Delivery` (
  `id` int(11) NOT NULL AUTO_INCREMENT,
  `id_owner_group` int(11) DEFAULT NULL,
  `id_deadline` int(11) DEFAULT NULL,
  `path` text COLLATE utf8_unicode_ci,
  `date` datetime DEFAULT NULL,
  PRIMARY KEY (`id`),
  KEY `key_delivery_deadline_idx` (`id_deadline`)
) ENGINE=InnoDB DEFAULT CHARSET=utf8 COLLATE=utf8_unicode_ci AUTO_INCREMENT=1 ;

-- --------------------------------------------------------

--
-- Structure de la table `Groups`
--

DROP TABLE IF EXISTS `Groups`;
CREATE TABLE IF NOT EXISTS `Groups` (
  `id` int(11) NOT NULL AUTO_INCREMENT,
  `name` varchar(45) COLLATE utf8_unicode_ci DEFAULT NULL,
  `id_tutor` int(11) DEFAULT NULL,
  `class` varchar(45) COLLATE utf8_unicode_ci DEFAULT NULL,
  PRIMARY KEY (`id`),
  UNIQUE KEY `id_UNIQUE` (`id`),
  UNIQUE KEY `name_UNIQUE` (`name`),
  KEY `idx_tutors_groups` (`id_tutor`)
) ENGINE=InnoDB  DEFAULT CHARSET=utf8 COLLATE=utf8_unicode_ci AUTO_INCREMENT=1469 ;

--
-- Contenu de la table `Groups`
--

INSERT INTO `Groups` (`id`, `name`, `id_tutor`, `class`) VALUES
(1453, 'G5A', 1, 'G5'),
(1454, 'G5B', 1, 'G5'),
(1455, 'G5C', 1, 'G5'),
(1456, 'G5D', 1, 'G5'),
(1457, 'G6A', NULL, 'G6'),
(1458, 'G6B', NULL, 'G6'),
(1459, 'G6C', NULL, 'G6'),
(1460, 'G6D', NULL, 'G6'),
(1461, 'G7A', NULL, 'G7'),
(1462, 'G7B', NULL, 'G7'),
(1463, 'G7C', NULL, 'G7'),
(1464, 'G7D', NULL, 'G7'),
(1465, 'G8A', NULL, 'G8'),
(1466, 'G8B', NULL, 'G8'),
(1467, 'G8C', NULL, 'G8'),
(1468, 'G8D', NULL, 'G8');

--
-- Déclencheurs `Groups`
--
DROP TRIGGER IF EXISTS `Groups_AFTER_INSERT`;
DELIMITER //
CREATE TRIGGER `Groups_AFTER_INSERT` AFTER INSERT ON `Groups`
 FOR EACH ROW BEGIN
	INSERT INTO `Calendars` (`id_group`) VALUE (NEW.`id`);
END
//
DELIMITER ;

-- --------------------------------------------------------

--
-- Structure de la table `Marks`
--

DROP TABLE IF EXISTS `Marks`;
CREATE TABLE IF NOT EXISTS `Marks` (
  `id` int(11) NOT NULL AUTO_INCREMENT,
  `id_student` int(11) DEFAULT NULL,
  `id_value` int(11) DEFAULT NULL,
  `id_sub_skill` int(11) DEFAULT NULL,
  `cross` tinyint(1) DEFAULT '0',
  `date` datetime DEFAULT NULL,
  `group_mark` tinyint(1) DEFAULT '1',
  `id_tutor` int(11) DEFAULT NULL,
  PRIMARY KEY (`id`),
  UNIQUE KEY `idx_mark_owner` (`id_student`,`id_sub_skill`,`id_tutor`),
  KEY `idx_mark_sub_skills` (`id_sub_skill`),
  KEY `idx_marks_tutors_idx` (`id_tutor`),
  KEY `idx_marks_values_idx` (`id_value`)
) ENGINE=InnoDB DEFAULT CHARSET=utf8 COLLATE=utf8_unicode_ci AUTO_INCREMENT=1 ;

-- --------------------------------------------------------

--
-- Structure de la table `Missing`
--

DROP TABLE IF EXISTS `Missing`;
CREATE TABLE IF NOT EXISTS `Missing` (
  `id` int(11) NOT NULL AUTO_INCREMENT,
  `id_student` int(11) DEFAULT NULL,
  `id_tutor` int(11) DEFAULT NULL,
  `date` datetime DEFAULT NULL,
  `late` tinyint(1) DEFAULT '0',
  `supporting` mediumtext COLLATE utf8_unicode_ci,
  PRIMARY KEY (`id`),
  KEY `idx_missings_users` (`id_student`),
  KEY `idx_missing_tutor` (`id_tutor`)
) ENGINE=InnoDB DEFAULT CHARSET=utf8 COLLATE=utf8_unicode_ci AUTO_INCREMENT=1 ;

-- --------------------------------------------------------

--
-- Structure de la table `Positions`
--

DROP TABLE IF EXISTS `Positions`;
CREATE TABLE IF NOT EXISTS `Positions` (
  `id` int(11) NOT NULL AUTO_INCREMENT,
  `title` varchar(45) COLLATE utf8_unicode_ci DEFAULT NULL,
  PRIMARY KEY (`id`),
  UNIQUE KEY `id_UNIQUE` (`id`)
) ENGINE=InnoDB  DEFAULT CHARSET=utf8 COLLATE=utf8_unicode_ci AUTO_INCREMENT=5 ;

--
-- Contenu de la table `Positions`
--

INSERT INTO `Positions` (`id`, `title`) VALUES
(1, 'administration'),
(2, 'respo'),
(3, 'tutor'),
(4, 'student');

-- --------------------------------------------------------

--
-- Structure de la table `Skills`
--

DROP TABLE IF EXISTS `Skills`;
CREATE TABLE IF NOT EXISTS `Skills` (
  `id` int(11) NOT NULL AUTO_INCREMENT,
  `title` varchar(45) COLLATE utf8_unicode_ci DEFAULT NULL,
  `type` varchar(45) COLLATE utf8_unicode_ci DEFAULT NULL,
  `id_respo` int(11) DEFAULT NULL,
  `coefficient` int(11) DEFAULT NULL,
  `creation_date` date DEFAULT NULL,
  `modification_date` date DEFAULT NULL,
  `sub_title` varchar(100) COLLATE utf8_unicode_ci DEFAULT NULL,
  PRIMARY KEY (`id`)
) ENGINE=InnoDB  DEFAULT CHARSET=utf8 COLLATE=utf8_unicode_ci AUTO_INCREMENT=6 ;

--
-- Contenu de la table `Skills`
--

INSERT INTO `Skills` (`id`, `title`, `type`, `id_respo`, `coefficient`, `creation_date`, `modification_date`, `sub_title`) VALUES
(0, 'Evaluation croisée', NULL, 1, NULL, NULL, '2015-06-23', 'Evaluation croisée '),
(1, 'Travail en groupe', NULL, 1, NULL, NULL, '2015-06-22', 'Agir en acteur dynamique et efficace dans un groupe'),
(2, 'Communication', NULL, 5, NULL, NULL, '2015-05-27', 'Agir en bon communicant dans un environnement scientifique et technique'),
(3, 'Conduite de projet', NULL, 5, NULL, NULL, '2015-05-26', 'Conduite de projet'),
(4, 'Conception / réalisation', NULL, 5, NULL, NULL, '2015-05-25', 'Concevoir et réaliser une application informatique (site web)'),
(5, 'Professionnel responsable', NULL, 5, NULL, NULL, '2015-05-27', 'Agir en professionnel responsable');

-- --------------------------------------------------------

--
-- Structure de la table `Sub_skills`
--

DROP TABLE IF EXISTS `Sub_skills`;
CREATE TABLE IF NOT EXISTS `Sub_skills` (
  `id` int(11) NOT NULL AUTO_INCREMENT,
  `id_skill` int(11) DEFAULT NULL,
  `title` varchar(45) COLLATE utf8_unicode_ci DEFAULT NULL,
  `id_respo` int(11) DEFAULT NULL,
  `note` mediumtext COLLATE utf8_unicode_ci,
  `creation_date` date DEFAULT NULL,
  `modification_date` date DEFAULT NULL,
  PRIMARY KEY (`id`),
  KEY `idx_sub_skills_skills` (`id_skill`)
) ENGINE=InnoDB  DEFAULT CHARSET=utf8 COLLATE=utf8_unicode_ci AUTO_INCREMENT=69 ;

--
-- Contenu de la table `Sub_skills`
--

INSERT INTO `Sub_skills` (`id`, `id_skill`, `title`, `id_respo`, `note`, `creation_date`, `modification_date`) VALUES
(1, 1, 'Travailler en équipe', 5, NULL, NULL, '2015-06-22'),
(2, 1, 'Animer une équipe', 5, NULL, NULL, '2015-06-22'),
(3, 1, 'Gérer les conflits', 5, NULL, NULL, '2015-06-22'),
(4, 1, 'Être force de proposition', 5, NULL, NULL, '2015-06-22'),
(5, 2, 'Écouter et se faire écouter', 5, NULL, NULL, NULL),
(6, 2, 'Mener un dialogue', 5, NULL, NULL, NULL),
(7, 2, 'Documentation efficace', 5, NULL, NULL, NULL),
(8, 2, 'Avoir une approche communicative adaptée', 5, NULL, NULL, NULL),
(9, 3, 'Méthodologie', 5, NULL, NULL, '2015-05-26'),
(10, 3, 'Planifier un projet', 5, NULL, NULL, '2015-05-26'),
(11, 3, 'Suivre un projet', 5, NULL, NULL, '2015-05-26'),
(12, 3, 'Utiliser des outils de suivi de projets', 5, NULL, NULL, '2015-05-26'),
(13, 3, 'Répondre aux attentes du client', 5, NULL, NULL, '2015-05-26'),
(14, 4, 'Spécification des besoins', 5, NULL, NULL, '2015-05-25'),
(15, 4, 'Conception visuelle', 5, NULL, NULL, '2015-05-25'),
(16, 4, 'Conception des données', 5, NULL, NULL, '2015-05-25'),
(17, 4, 'Conception technique', 5, NULL, NULL, '2015-05-25'),
(18, 4, 'Développement HTML', 5, NULL, NULL, '2015-05-25'),
(19, 4, 'Développement CSS', 5, NULL, NULL, '2015-05-25'),
(20, 4, 'Développement PHP', 5, NULL, NULL, '2015-05-25'),
(21, 4, 'Développement Javascript', 5, NULL, NULL, '2015-05-25'),
(22, 4, 'Développement SQL', 5, NULL, NULL, '2015-05-25'),
(23, 4, 'Organisation du code', 5, NULL, NULL, '2015-05-25'),
(24, 4, 'Test et validation', 5, NULL, NULL, '2015-05-25'),
(25, 5, 'Professionnalisme', 5, NULL, NULL, '2015-05-27'),
(26, 5, 'Autonomie', 5, NULL, NULL, '2015-05-27'),
(63, 0, 'Travail en groupe', NULL, NULL, NULL, '2015-06-23'),
(64, 0, 'Communication ', 5, NULL, NULL, '2015-06-23'),
(66, 0, 'Conduite de projet ', 1, '		', '2015-06-23', NULL),
(67, 0, 'Conception / réalisation', 1, '		', '2015-06-23', NULL),
(68, 0, 'Professionnel responsable', 1, '		', '2015-06-23', NULL);

-- --------------------------------------------------------

--
-- Structure de la table `Users`
--

DROP TABLE IF EXISTS `Users`;
CREATE TABLE IF NOT EXISTS `Users` (
  `id` int(11) NOT NULL AUTO_INCREMENT,
  `pseudo` varchar(45) COLLATE utf8_unicode_ci DEFAULT NULL,
  `id_group` int(11) DEFAULT NULL,
  `promo` int(11) DEFAULT NULL,
  `last_name` varchar(45) CHARACTER SET utf8 DEFAULT NULL,
  `first_name` varchar(45) CHARACTER SET utf8 DEFAULT NULL,
  `mail` varchar(45) COLLATE utf8_unicode_ci DEFAULT NULL,
  `password` varchar(45) COLLATE utf8_unicode_ci DEFAULT NULL,
  `add_date` date DEFAULT NULL,
  `id_post` int(11) DEFAULT NULL,
  `isep_no` int(11) DEFAULT '0',
  PRIMARY KEY (`id`),
  UNIQUE KEY `id_UNIQUE` (`id`),
  UNIQUE KEY `speudo_UNIQUE` (`pseudo`),
  KEY `idx_users_groups` (`id_group`)
) ENGINE=InnoDB  DEFAULT CHARSET=utf8 COLLATE=utf8_unicode_ci AUTO_INCREMENT=6797 ;

--
-- Contenu de la table `Users`
--

INSERT INTO `Users` (`id`, `pseudo`, `id_group`, `promo`, `last_name`, `first_name`, `mail`, `password`, `add_date`, `id_post`, `isep_no`) VALUES
(1, 'apprespo', NULL, NULL, 'Tom', 'MARTIN', 'apprespo@isep.fr', '*1A0EE874490C6CCED7988A7A45160EB4B428E24F', '2015-09-20', 2, 0),
(6695, 'aleger', 1453, NULL, 'LEGER', 'Alexandre', 'aleger@isep.fr', NULL, '2015-09-20', 4, 7174),
(6696, 'ebertran', 1453, NULL, 'BERTRAND', 'Emma', 'ebertrand@isep.fr', NULL, '2015-09-20', 4, 7176),
(6697, 'zkaneswa', 1453, NULL, 'KANESWARAN', 'Zovena', 'zkaneswaran@isep.fr', NULL, '2015-09-20', 4, 8358),
(6698, 'gmeunier', 1453, NULL, 'MEUNIER', 'Gabriel', 'gmeunier@isep.fr', NULL, '2015-09-20', 4, 7980),
(6699, 'hlebrun', 1453, NULL, 'LEBRUN', 'Hugo', 'hlebrun@isep.fr', NULL, '2015-09-20', 4, 7981),
(6700, 'abreton', 1453, NULL, 'BRETON', 'Alice', 'abreton@isep.fr', NULL, '2015-09-20', 4, 7977),
(6701, 'dchantha', 1454, NULL, 'CHANTHAVONG', 'Delphine', 'dchanthavong@isep.fr', NULL, '2015-09-20', 4, 8350),
(6702, 'adumont', 1454, NULL, 'DUMONT', 'Anthony', 'adumont@isep.fr', NULL, '2015-09-20', 4, 7270),
(6703, 'daubry', 1454, NULL, 'AUBRY', 'Dylan', 'daubry@isep.fr', NULL, '2015-09-20', 4, 8412),
(6704, 'jriou', 1454, NULL, 'RIOU', 'Justine', 'jriou@isep.fr', NULL, '2015-09-20', 4, 7974),
(6705, 'cbuisson', 1454, NULL, 'BUISSON', 'Camille', 'cbuisson@isep.fr', NULL, '2015-09-20', 4, 7975),
(6706, 'abesson', 1454, NULL, 'BESSON', 'Alexia', 'abesson@isep.fr', NULL, '2015-09-20', 4, 7983),
(6707, 'ngauthie', 1455, NULL, 'GAUTHIE', 'Nathan', 'ngauthie@isep.fr', NULL, '2015-09-20', 4, 7184),
(6708, 'acolin', 1455, NULL, 'COLIN', 'Amlie', 'acolin@isep.fr', NULL, '2015-09-20', 4, 8408),
(6709, 'tvallee', 1455, NULL, 'VALLEE', 'Tommy', 'tvallee@isep.fr', NULL, '2015-09-20', 4, 8342),
(6710, 'tsimon', 1455, NULL, 'SIMON', 'Thomas', 'tsimon@isep.fr', NULL, '2015-09-20', 4, 8032),
(6711, 'sgiraud', 1455, NULL, 'GIRAUD', 'Samuel', 'sgiraud@isep.fr', NULL, '2015-09-20', 4, 8001),
(6712, 'rperrot', 1455, NULL, 'PERROT', 'Rosalie', 'rperrot@isep.fr', NULL, '2015-09-20', 4, 7982),
(6713, 'obourgeo', 1456, NULL, 'BOURGEOIT', 'Olivia', 'obourgeoit@isep.fr', NULL, '2015-09-20', 4, 7241),
(6714, 'pandre', 1456, NULL, 'ANDRE', 'Philippe', 'pandre@isep.fr', NULL, '2015-09-20', 4, 7193),
(6715, 'ggrand', 1456, NULL, 'GRAND', 'Guillaume', 'ggrand@isep.fr', NULL, '2015-09-20', 4, 7247),
(6716, 'sthiers', 1456, NULL, 'THIERS', 'Simon', 'sthiers@isep.fr', NULL, '2015-09-20', 4, 7976),
(6717, 'aherve', 1456, NULL, 'HERVE', 'Alicia', 'aherve@isep.fr', NULL, '2015-09-20', 4, 7978),
(6718, 'mgrand', 1457, NULL, 'GRAND', 'Malik', 'mgrand@isep.fr', NULL, '2015-09-20', 4, 7209),
(6719, 'adubois', 1457, NULL, 'DUBOIS', 'Audrey', 'adubois@isep.fr', NULL, '2015-09-20', 4, 8398),
(6720, 'jthomas', 1457, NULL, 'THOMAS', 'Jacob', 'jthomas@isep.fr', NULL, '2015-09-20', 4, 7264),
(6721, 'eroussel', 1457, NULL, 'ROUSSEL', 'Elliot', 'eroussel@isep.fr', NULL, '2015-09-20', 4, 7164),
(6722, 'abrun', 1457, NULL, 'BRUN', 'Alexis', 'abrun@isep.fr', NULL, '2015-09-20', 4, 7298),
(6723, 'mlemoine', 1457, NULL, 'LEMOINE', 'Mgan', 'mlemoine@isep.fr', NULL, '2015-09-20', 4, 8407),
(6724, 'jdumas', 1457, NULL, 'DUMAS', 'Jrmy', 'jdumas@isep.fr', NULL, '2015-09-20', 4, 8329),
(6725, 'lantoine', 1458, NULL, 'ANTOINE', 'Logan', 'lantoine@isep.fr', NULL, '2015-09-20', 4, 7210),
(6726, 'lucas', 1458, NULL, 'LUCAS', 'tienne', 'lucas@isep.fr', NULL, '2015-09-20', 4, 7335),
(6727, 'cgilbert', 1458, NULL, 'GILBERT', 'Ccilia', 'cgilbert@isep.fr', NULL, '2015-09-20', 4, 7178),
(6728, 'rmeyer', 1458, NULL, 'MEYER', 'Raphal', 'rmeyer@isep.fr', NULL, '2015-09-20', 4, 8410),
(6729, 'bmenard', 1458, NULL, 'MENARD', 'Brandone', 'bmenard@isep.fr', NULL, '2015-09-20', 4, 8382),
(6730, 'lhamon', 1458, NULL, 'HAMON', 'Ludovic', 'lhamon@isep.fr', NULL, '2015-09-20', 4, 6911),
(6731, 'elacroix', 1458, NULL, 'LACROIX', 'Elizabeth', 'elacroix@isep.fr', NULL, '2015-09-20', 4, 8326),
(6732, 'vmorel', 1459, NULL, 'MOREL', 'Victoria', 'vmorel@isep.fr', NULL, '2015-09-20', 4, 8365),
(6733, 'cnoel', 1459, NULL, 'NOEL', 'Catherine', 'cnoel@isep.fr', NULL, '2015-09-20', 4, 7200),
(6734, 'blancha', 1459, NULL, 'BLANCHARD', 'lodie', 'blanchard@isep.fr', NULL, '2015-09-20', 4, 7213),
(6735, 'arenaud', 1459, NULL, 'RENAUD', 'Arianne', 'arenaud@isep.fr', NULL, '2015-09-20', 4, 7334),
(6736, 'jguyot', 1459, NULL, 'GUYOT', 'Juliette', 'jguyot@isep.fr', NULL, '2015-09-20', 4, 8357),
(6737, 'nrasolom', 1459, NULL, 'RASOLOMALALA', 'Narisely', 'nrasolomalala@isep.fr', NULL, '2015-09-20', 4, 7206),
(6738, 'alefebvr', 1460, NULL, 'LEFEBVRE', 'Antoine', 'alefebvre@isep.fr', NULL, '2015-09-20', 4, 8374),
(6739, 'bvidal', 1460, NULL, 'VIDAL', 'Brandone', 'bvidal@isep.fr', NULL, '2015-09-20', 4, 7221),
(6740, 'ccollin', 1460, NULL, 'COLLIN', 'Christopher', 'ccollin@isep.fr', NULL, '2015-09-20', 4, 7207),
(6741, 'cboyer', 1460, NULL, 'BOYER', 'Charles', 'cboyer@isep.fr', NULL, '2015-09-20', 4, 7160),
(6742, 'badam', 1460, NULL, 'ADAM', 'Brandone', 'badam@isep.fr', NULL, '2015-09-20', 4, 7186),
(6743, 'brolland', 1460, NULL, 'ROLLAND', 'Benjamin', 'brolland@isep.fr', NULL, '2015-09-20', 4, 8370),
(6744, 'croyer', 1461, NULL, 'ROYER', 'Cdric', 'croyer@isep.fr', NULL, '2015-09-20', 4, 8360),
(6745, 'dbigot', 1461, NULL, 'BIGOT', 'David', 'dbigot@isep.fr', NULL, '2015-09-20', 4, 7332),
(6746, 'mmoulin', 1461, NULL, 'MOULIN', 'Marianne', 'mmoulin@isep.fr', NULL, '2015-09-20', 4, 8390),
(6747, 'mthiers', 1461, NULL, 'THIERS', 'Maxime', 'mthiers@isep.fr', NULL, '2015-09-20', 4, 8417),
(6748, 'adumas', 1461, NULL, 'DUMAS', 'Anais', 'adumas@isep.fr', NULL, '2015-09-20', 4, 8402),
(6749, 'lgerma', 1461, NULL, 'GERMA', 'Lo', 'lgerma@isep.fr', NULL, '2015-09-20', 4, 6887),
(6750, 'jmoreau', 1462, NULL, 'MOREAU', 'Julien', 'jmoreau@isep.fr', NULL, '2015-09-20', 4, 7340),
(6751, 'aguillau', 1462, NULL, 'GUILLAUM', 'Annabelle', 'aguillaum@isep.fr', NULL, '2015-09-20', 4, 8334),
(6752, 'dguillot', 1462, NULL, 'GUILLOT', 'Darius', 'dguillot@isep.fr', NULL, '2015-09-20', 4, 8354),
(6753, 'arobert', 1462, NULL, 'ROBERT', 'Alexandra', 'arobert@isep.fr', NULL, '2015-09-20', 4, 8385),
(6754, 'mfrancoi', 1462, NULL, 'FRANCOI', 'Malie', 'mfrancoi@isep.fr', NULL, '2015-09-20', 4, 8351),
(6755, 'cgerard', 1462, NULL, 'GERARD', 'Clara', 'cgerard@isep.fr', NULL, '2015-09-20', 4, 7192),
(6756, 'achevali', 1463, NULL, 'CHEVALIER', 'Alexandra', 'achevalier@isep.fr', NULL, '2015-09-20', 4, 8397),
(6757, 'poirier', 1463, NULL, 'POIRIER', 'mile', 'poirier@isep.fr', NULL, '2015-09-20', 4, 8366),
(6758, 'ibailly', 1463, NULL, 'BAILLY', 'Isaac', 'ibailly@isep.fr', NULL, '2015-09-20', 4, 8369),
(6759, 'lroyer', 1463, NULL, 'ROYER', 'Laurie', 'lroyer@isep.fr', NULL, '2015-09-20', 4, 8395),
(6760, 'mfleury', 1463, NULL, 'FLEURY', 'Mathis', 'mfleury@isep.fr', NULL, '2015-09-20', 4, 8414),
(6762, 'nrenard', 1464, NULL, 'RENARD', 'Noah', 'nrenard@isep.fr', NULL, '2015-09-20', 4, 7211),
(6763, 'jmasson', 1464, NULL, 'MASSON', 'Justin', 'jmasson@isep.fr', NULL, '2015-09-20', 4, 8400),
(6764, 'dcoste', 1464, NULL, 'COSTE', 'Daphne', 'dcoste@isep.fr', NULL, '2015-09-20', 4, 8340),
(6765, 'clucas', 1464, NULL, 'LUCAS', 'Clara', 'clucas@isep.fr', NULL, '2015-09-20', 4, 8380),
(6766, 'tdavid', 1464, NULL, 'DAVID', 'Tristan', 'tdavid@isep.fr', NULL, '2015-09-20', 4, 7177),
(6767, 'limbert', 1464, NULL, 'IMBERT', 'Laurie', 'limbert@isep.fr', NULL, '2015-09-20', 4, 8331),
(6768, 'jgall', 1464, NULL, 'GALL', 'Jack', 'jgall@isep.fr', NULL, '2015-09-20', 4, 8324),
(6769, 'mjoly', 1465, NULL, 'JOLY', 'Marianne', 'mjoly@isep.fr', NULL, '2015-09-20', 4, 7251),
(6770, 'vbourgeo', 1465, NULL, 'BOURGEOIT', 'Vincent', 'vbourgeoit@isep.fr', NULL, '2015-09-20', 4, 6830),
(6771, 'rvincent', 1465, NULL, 'VINCENT', 'Romain', 'rvincent@isep.fr', NULL, '2015-09-20', 4, 7201),
(6772, 'rroussea', 1465, NULL, 'ROUSSEAU', 'Romain', 'rrousseau@isep.fr', NULL, '2015-09-20', 4, 7716),
(6774, 'lbenoit', 1465, NULL, 'BENOIT', 'Lucas', 'lbenoit@isep.fr', NULL, '2015-09-20', 4, 7300),
(6775, 'vjulien', 1466, NULL, 'JULIEN', 'Vincent', 'vjulien@isep.fr', NULL, '2015-09-20', 4, 7169),
(6776, 'ldivad', 1466, NULL, 'DIVAD', 'Loic', 'ldivad@isep.fr', NULL, '2015-09-20', 4, 8333),
(6777, 'lgillet', 1466, NULL, 'GILLET', 'Lucas', 'lgillet@isep.fr', NULL, '2015-09-20', 4, 8355),
(6778, 'mpuibara', 1466, NULL, 'PUIBARAUD', 'Matthieu', 'mpuibaraud@isep.fr', NULL, '2015-09-20', 4, 7204),
(6779, 'sdufour', 1466, NULL, 'DUFOUR', 'Shreya', 'sdufour@isep.fr', NULL, '2015-09-20', 4, 8581),
(6780, 'mmichel', 1466, NULL, 'MICHEL', 'Marilou', 'mmichel@isep.fr', NULL, '2015-09-20', 4, 8387),
(6781, 'lgautier', 1467, NULL, 'GAUTIER', 'Louis', 'lgautier@isep.fr', NULL, '2015-09-20', 4, 7273),
(6782, 'mgirard', 1467, NULL, 'GIRARD', 'Marianne', 'mgirard@isep.fr', NULL, '2015-09-20', 4, 8388),
(6783, 'cmarecha', 1467, NULL, 'MARECHAL', 'Cline', 'cmarechal@isep.fr', NULL, '2015-09-20', 4, 7331),
(6784, 'jmathieu', 1467, NULL, 'MATHIEU', 'Jade', 'jmathieu@isep.fr', NULL, '2015-09-20', 4, 6893),
(6785, 'cguillou', 1467, NULL, 'GUILLOU', 'Cline', 'cguillou@isep.fr', NULL, '2015-09-20', 4, 8409),
(6786, 'maudin', 1467, NULL, 'AUDIN', 'Matthieu', 'maudin@isep.fr', NULL, '2015-09-20', 4, 7149),
(6787, 'jperrot', 1467, NULL, 'PERROT', 'Jonathan', 'jperrot@isep.fr', NULL, '2015-09-20', 4, 8327),
(6788, 'dclement', 1468, NULL, 'CLEMENT', 'Daphne', 'dclement@isep.fr', NULL, '2015-09-20', 4, 8339),
(6789, 'chuet', 1468, NULL, 'HUET', 'Clara', 'chuet@isep.fr', NULL, '2015-09-20', 4, 7339),
(6790, 'bvincent', 1468, NULL, 'VINCENT', 'Brandone', 'bvincent@isep.fr', NULL, '2015-09-20', 4, 7244),
(6791, 'ldumont', 1468, NULL, 'DUMONT', 'Lucas', 'ldumont@isep.fr', NULL, '2015-09-20', 4, 7275),
(6792, 'fbesnard', 1468, NULL, 'BESNARD', 'Flix', 'fbesnard@isep.fr', NULL, '2015-09-20', 4, 8335),
(6793, 'mroy', 1468, NULL, 'ROY', 'Malie', 'mroy@isep.fr', NULL, '2015-09-20', 4, 8403),
(6794, 'ftuteur', NULL, NULL, 'TUTEURONE', 'Fred', 'ftuteur@isep.fr', NULL, '2015-09-21', 3, 0),
(6795, 'mtuteur', NULL, NULL, 'TUTEURTWO', 'Maxime', 'mtuteur@isep.fr', NULL, '2015-09-21', 3, 0),
(6796, 'atuteur', NULL, NULL, 'TURTEURTREE', 'Arthur', 'atuteur@isep.fr', NULL, '2015-09-21', 3, 0);

-- --------------------------------------------------------

--
-- Structure de la table `Values`
--

DROP TABLE IF EXISTS `Values`;
CREATE TABLE IF NOT EXISTS `Values` (
  `id` int(11) NOT NULL AUTO_INCREMENT,
  `title` varchar(45) COLLATE utf8_unicode_ci DEFAULT NULL,
  `points` int(11) DEFAULT NULL,
  `cross` tinyint(1) DEFAULT '0',
  PRIMARY KEY (`id`)
) ENGINE=InnoDB  DEFAULT CHARSET=utf8 COLLATE=utf8_unicode_ci AUTO_INCREMENT=24 ;

--
-- Contenu de la table `Values`
--

INSERT INTO `Values` (`id`, `title`, `points`, `cross`) VALUES
(1, 'Non Acquis', 0, 0),
(2, 'Niveau de Base en cours d''acquisition', 2, 0),
(3, 'Niveau de Base acquis', 3, 0),
(4, 'Niveau Intermédiaire en cours d''acquisition', 4, 0),
(5, 'Niveau Intermédiaire acquis', 5, 0),
(20, 'Loin', 1, 1),
(21, 'Proche', 2, 1),
(22, 'Attendu', 3, 1),
(23, 'Dépassé', 5, 1);

--
-- Contraintes pour les tables exportées
--

--
-- Contraintes pour la table `Calendars`
--
ALTER TABLE `Calendars`
  ADD CONSTRAINT `key_calendar_group` FOREIGN KEY (`id_group`) REFERENCES `Groups` (`id`) ON DELETE CASCADE ON UPDATE NO ACTION;

--
-- Contraintes pour la table `Dates`
--
ALTER TABLE `Dates`
  ADD CONSTRAINT `key_date_calendar` FOREIGN KEY (`id_calendar`) REFERENCES `Calendars` (`id`) ON DELETE CASCADE ON UPDATE NO ACTION;

--
-- Contraintes pour la table `Deadlines`
--
ALTER TABLE `Deadlines`
  ADD CONSTRAINT `key_deadline_group` FOREIGN KEY (`id_group`) REFERENCES `Groups` (`id`) ON DELETE CASCADE ON UPDATE NO ACTION;

--
-- Contraintes pour la table `Delivery`
--
ALTER TABLE `Delivery`
  ADD CONSTRAINT `key_delivery_deadline` FOREIGN KEY (`id_deadline`) REFERENCES `Deadlines` (`id`) ON DELETE CASCADE ON UPDATE NO ACTION;

--
-- Contraintes pour la table `Groups`
--
ALTER TABLE `Groups`
  ADD CONSTRAINT `key_tutors_groups` FOREIGN KEY (`id_tutor`) REFERENCES `Users` (`id`) ON DELETE SET NULL ON UPDATE CASCADE;

--
-- Contraintes pour la table `Marks`
--
ALTER TABLE `Marks`
  ADD CONSTRAINT `key_marks_skills` FOREIGN KEY (`id_sub_skill`) REFERENCES `Sub_skills` (`id`) ON DELETE CASCADE ON UPDATE NO ACTION,
  ADD CONSTRAINT `key_marks_students` FOREIGN KEY (`id_student`) REFERENCES `Users` (`id`) ON DELETE CASCADE ON UPDATE NO ACTION,
  ADD CONSTRAINT `key_marks_tutors` FOREIGN KEY (`id_tutor`) REFERENCES `Users` (`id`) ON UPDATE NO ACTION,
  ADD CONSTRAINT `key_marks_values` FOREIGN KEY (`id_value`) REFERENCES `Values` (`id`) ON DELETE CASCADE ON UPDATE NO ACTION;

--
-- Contraintes pour la table `Missing`
--
ALTER TABLE `Missing`
  ADD CONSTRAINT `key_missings_student` FOREIGN KEY (`id_student`) REFERENCES `Users` (`id`) ON DELETE CASCADE ON UPDATE CASCADE,
  ADD CONSTRAINT `key_missing_tutor` FOREIGN KEY (`id_tutor`) REFERENCES `Users` (`id`) ON DELETE SET NULL ON UPDATE CASCADE;

--
-- Contraintes pour la table `Sub_skills`
--
ALTER TABLE `Sub_skills`
  ADD CONSTRAINT `id` FOREIGN KEY (`id_skill`) REFERENCES `Skills` (`id`) ON DELETE CASCADE ON UPDATE NO ACTION;

--
-- Contraintes pour la table `Users`
--
ALTER TABLE `Users`
  ADD CONSTRAINT `key_users_groups` FOREIGN KEY (`id_group`) REFERENCES `Groups` (`id`) ON DELETE CASCADE ON UPDATE CASCADE;

DELIMITER $$
--
-- Événements
--
DROP EVENT `DEADLINE_EVENT`$$
CREATE DEFINER=`adminYmal6p6`@`localhost` EVENT `DEADLINE_EVENT` ON SCHEDULE EVERY 1 MINUTE STARTS '2015-06-07 09:12:08' ON COMPLETION NOT PRESERVE ENABLE DO CALL DEADLINE_CLOSER()$$

DELIMITER ;

